📕 Tab 4: Reflex Logic,,,,,,,,,,,,,,
,,,,,,,,,,,,,,
Purpose: Maps mismatch types to emotional reflexes and repair strategies.,,,,,,,,,,,,,,
Mismatch_Type,Reflex_Archetype,Response_Pattern,Emotional_Cost,Repair_Path,Qualifier,Male_Intimacy_Reflex,Female_Intimacy_Reflex,Symbolic_Theme,,,,,,
Emotional misread,Withdrawal,"Silence, emotional distancing","Loneliness, confusion",Emotional check-in ritual,Green,Emotionally dismissive,Emotionally fearful,"“She speaks, he vanishes”",,,,,,
Labor imbalance,Explosion,"Irritation, resentment, outbursts","Burnout, disconnection",Shared task calendar & verbal appreciation,Blue,Emotionally dismissive,Emotionally fearful,“Invisible effort”,,,,,,
Erotic mismatch,Desire spike,"Overcompensation, fantasy, avoidance","Insecurity, unmet intimacy",Emotional foreplay & verbal attunement,Green,Physically anxious,Physically dismissive,“Touch without trust”,,,,,,
Symbolic vs. practical future,Hopeful projection,"Dreaming alone, emotional overextension",Disillusionment,Joint vision mapping,Centre,Emotionally dismissive,Emotionally fearful,"“She dreams, he plans”",,,,,,
Mixed signals,Confusion,"Overthinking, emotional spiraling","Anxiety, self-doubt",Clarity rituals (e.g. weekly emotional sync),Yellow,Emotionally dismissive,Emotionally fearful,“Signals without safety”,,,,,,
Betrayal minimization,Explosion,"Rage, moral rejection",Trust collapse,Full emotional accountability & transparency,Red,Emotionally dismissive,Emotionally fearful,“Truth withheld breaks her”,,,,,,
Recognition gap,Bitterness,"Passive aggression, withdrawal",Emotional erosion,Ritualized gratitude exchange,Blue,Emotionally dismissive,Emotionally fearful,“Unseen contribution”,,,,,,
Emotional avoidance,Anxiety spiral,"Overchecking, emotional flooding","Panic, insecurity",Emotional literacy training,Red,Emotionally dismissive,Emotionally fearful,"“She spirals, he shuts down”",,,,,,
Planning avoidance,Insecurity,"Future-testing, emotional probing",Fear of abandonment,Shared future sketching,Yellow,Emotionally dismissive,Emotionally fearful,"“She asks, he evades”",,,,,,
Emotional absenteeism,Isolation,Emotional overfunctioning,"Exhaustion, loneliness",Emotional labor audit,Red,Emotionally dismissive,Emotionally fearful,“She carries it all”,,,,,,
Body shame,Withdrawal,"Silence, avoidance of intimacy",Self-loathing,Affirmation rituals & safe touch,Red,Physically anxious,Physically dismissive,“Unworthy of closeness”,,,,,,
Dream alignment gap,Longing,"Idealization, emotional distance",Hope fatigue,Shared dream board,Centre,Emotionally dismissive,Emotionally fearful,"“She imagines, he drifts”",,,,,,
Social comparison,Jealousy spike,"Surveillance, emotional shutdown","Envy, inadequacy",Reassurance rituals & visibility,Yellow,Emotionally dismissive,Emotionally fearful,"“She watches, he performs”",,,,,,
Emotional depth mismatch,Emptiness,"Surface compliance, internal detachment",Emotional starvation,Depth-building dialogue,Green,Emotionally dismissive,Emotionally fearful,"“She reaches, he floats”",,,,,,
Moral misalignment,Disgust,"Rejection, distancing",Value rupture,Ethical dialogue & boundary mapping,Yellow,Emotionally dismissive,Emotionally fearful,"“She recoils, he deflects”",,,,,,
Mental load mismatch,Irritation,"Task tracking, emotional resentment",Cognitive fatigue,Mental load redistribution,Blue,Emotionally dismissive,Emotionally fearful,"“She plans, he assumes”",,,,,,
Erotic routine,Desire fade,Emotional disengagement,Intimacy erosion,Erotic novelty planning,Green,Physically anxious,Physically dismissive,"“She fades, he repeats”",,,,,,
Abandonment trauma,Sadness,"Emotional collapse, hypervigilance","Grief, insecurity",Reassurance rituals & emotional anchoring,Centre,Emotionally dismissive,Emotionally fearful,"“She waits, he disappears”",,,,,,
Emotional neglect,Sadness,"Withdrawal, emotional numbness","Loneliness, invisibility",Daily emotional check-in,Red,Emotionally dismissive,Emotionally fearful,“She vanishes inside”,,,,,,
Emotional mismatch,Tenderness,"Gentle persistence, emotional offering",Vulnerability fatigue,Emotional mirroring,Green,Emotionally dismissive,Emotionally fearful,"“She opens, he deflects”",,,,,,
Future avoidance,Insecurity,"Emotional probing, testing",Fear of abandonment,Joint future sketching,Yellow,Emotionally dismissive,Emotionally fearful,"“She asks, he evades”",,,,,,
Recognition gap,Withdrawal,"Passive silence, emotional detachment",Emotional erosion,Ritualized appreciation,Blue,Emotionally dismissive,Emotionally fearful,"“She gives, he forgets”",,,,,,
Erotic mismatch,Fantasy loop,"Imaginative escape, disengagement",Intimacy drift,Erotic communication rituals,Green,Physically anxious,Physically dismissive,"“She dreams, he touches”",,,,,,
Emotional neglect,Collapse,"Numbness, emotional shutdown",Loneliness,Daily emotional check-in,Red,Emotionally dismissive,Emotionally fearful,"“She fades, he’s absent”",,,,,,
Mixed signals,Spiral,"Overthinking, emotional flooding",Anxiety,Clarity rituals,Yellow,Emotionally dismissive,Emotionally fearful,"“She spirals, he disappears”",,,,,,
Moral misalignment,Rejection,"Value distancing, emotional cutoff",Disgust,Ethical dialogue,Yellow,Emotionally dismissive,Emotionally fearful,"“She recoils, he deflects”",,,,,,
Planning mismatch,Friction,"Repetitive conflict, avoidance",Exhaustion,Shared calendar rituals,Centre,Emotionally dismissive,Emotionally fearful,"“She organizes, he resists”",,,,,,
Social comparison,Surveillance,"Monitoring, jealousy",Insecurity,Visibility and reassurance,Yellow,Emotionally dismissive,Emotionally fearful,"“She watches, he performs”",,,,,,
Labor imbalance,Explosion,"Task resentment, emotional burnout",Fatigue,Task redistribution,Blue,Emotionally dismissive,Emotionally fearful,"“She plans, he assumes”",,,,,,
Body shame,Retreat,"Avoidance of intimacy, silence",Self-loathing,Affirmation and safe touch,Red,Physically anxious,Physically dismissive,“Unworthy of closeness”,,,,,,
Dream misalignment,Idealization,"Emotional distancing, fantasy",Hope fatigue,Shared dream board,Centre,Emotionally dismissive,Emotionally fearful,"“She imagines, he drifts”",,,,,,
Emotional absenteeism,Overfunctioning,"Emotional overwork, resentment",Isolation,Emotional labor audit,Red,Emotionally dismissive,Emotionally fearful,“She carries it all”,,,,,,
Erotic routine,Numbness,"Disengagement, compliance",Intimacy erosion,Erotic novelty planning,Green,Physically anxious,Physically dismissive,"“She fades, he repeats”",,,,,,
Abandonment trauma,Collapse,"Hypervigilance, emotional fragility",Grief,Anchoring rituals,Centre,Emotionally dismissive,Emotionally fearful,"“She waits, he disappears”",,,,,,
Emotional avoidance,Flooding,"Overexpression, panic",Insecurity,Emotional literacy training,Red,Emotionally dismissive,Emotionally fearful,"“She floods, he shuts down”",,,,,,
Depth mismatch,Emptiness,"Surface compliance, detachment",Starvation,Depth-building dialogue,Green,Emotionally dismissive,Emotionally fearful,"“She reaches, he floats”",,,,,,
Mental load mismatch,Irritation,"Overplanning, resentment",Cognitive fatigue,Mental load redistribution,Blue,Emotionally dismissive,Emotionally fearful,"“She tracks, he drifts”",,,,,,
Betrayal minimization,Explosion,"Moral rage, rejection",Trust collapse,Full accountability,Red,Emotionally dismissive,Emotionally fearful,"“She breaks, he deflects”",,,,,,
Emotional silence,Withdrawal,"Quiet distancing, emotional freeze",Disconnection,Emotional naming practice,Green,Emotionally dismissive,Emotionally fearful,"“She freezes, he vanishes”",,,,,,
Emotional containment,Freeze,"Numbness, silence",Disconnection,Emotional naming practice,Red,Emotionally dismissive,Emotionally fearful,"“She shuts down, he retreats”",,,,,,
Erotic mismatch,Overfunctioning,"Overinitiating, emotional burnout",Rejection fatigue,Erotic pacing rituals,Green,Physically anxious,Physically dismissive,"“She reaches, he recoils”",,,,,,
Recognition gap,Collapse,"Emotional withdrawal, invisibility",Self-worth erosion,Daily affirmation exchange,Blue,Emotionally dismissive,Emotionally fearful,"“She fades, he forgets”",,,,,,
Mixed signals,Hypervigilance,"Monitoring, emotional scanning",Anxiety,Predictable communication rituals,Yellow,Emotionally dismissive,Emotionally fearful,"“She scans, he drifts”",,,,,,
Depth mismatch,Surface compliance,Emotional detachment,Starvation,Depth-building dialogue,Green,Emotionally dismissive,Emotionally fearful,"“She reaches, he floats”",,,,,,
Moral misalignment,Boundary rupture,Emotional distancing,Value erosion,Ethical boundary mapping,Yellow,Emotionally dismissive,Emotionally fearful,"“She recoils, he deflects”",,,,,,
Planning mismatch,Avoidance,"Passive resistance, delay",Frustration,Shared planning rituals,Centre,Emotionally dismissive,Emotionally fearful,"“She organizes, he resists”",,,,,,
Erotic routine,Numbness,"Compliance, disengagement",Intimacy erosion,Erotic novelty planning,Green,Physically anxious,Physically dismissive,"“She fades, he repeats”",,,,,,
Emotional silence,Withdrawal,Quiet distancing,Loneliness,Emotional check-in ritual,Green,Emotionally dismissive,Emotionally fearful,"“She waits, he disappears”",,,,,,
Labor imbalance,Explosion,Task resentment,Burnout,Task redistribution,Blue,Emotionally dismissive,Emotionally fearful,"“She plans, he assumes”",,,,,,
Social comparison,Surveillance,"Jealousy, monitoring",Insecurity,Visibility and reassurance,Yellow,Emotionally dismissive,Emotionally fearful,"“She watches, he performs”",,,,,,
Emotional neglect,Collapse,Emotional shutdown,Disconnection,Emotional literacy training,Red,Emotionally dismissive,Emotionally fearful,"“She fades, he’s absent”",,,,,,
Dream misalignment,Idealization,Emotional fantasy,Hope fatigue,Shared dream board,Centre,Emotionally dismissive,Emotionally fearful,"“She imagines, he drifts”",,,,,,
Body shame,Retreat,Avoidance of intimacy,Self-loathing,Affirmation and safe touch,Red,Physically anxious,Physically dismissive,“Unworthy of closeness”,,,,,,
Future avoidance,Insecurity,Emotional testing,Fear of abandonment,Joint future sketching,Yellow,Emotionally dismissive,Emotionally fearful,"“She asks, he evades”",,,,,,
Betrayal minimization,Explosion,Moral rage,Trust collapse,Full accountability,Red,Emotionally dismissive,Emotionally fearful,"“She breaks, he deflects”",,,,,,
Emotional mismatch,Tenderness,Gentle persistence,Vulnerability fatigue,Emotional mirroring,Green,Emotionally dismissive,Emotionally fearful,"“She opens, he deflects”",,,,,,
Mental load mismatch,Irritation,Overplanning,Cognitive fatigue,Mental load redistribution,Blue,Emotionally dismissive,Emotionally fearful,"“She tracks, he drifts”",,,,,,
Emotional avoidance,Flooding,"Panic, overexpression",Insecurity,Emotional literacy training,Red,Emotionally dismissive,Emotionally fearful,"“She floods, he shuts down”",,,,,,
Emotional containment,Freeze,"Emotional shutdown, silence",Disconnection,Emotional naming practice,Red,Emotionally dismissive,Emotionally fearful,"“She shuts down, he retreats”",,,,,,
Recognition gap,Collapse,Emotional invisibility,Self-worth erosion,Daily affirmation exchange,Blue,Emotionally dismissive,Emotionally fearful,"“She fades, he forgets”",,,,,,
Mixed signals,Hypervigilance,"Emotional scanning, overanalysis",Anxiety,Predictable communication rituals,Yellow,Emotionally dismissive,Emotionally fearful,"“She scans, he drifts”",,,,,,
,,,,,,,,,,,,,,
,,,,,,,,,,,,,,
,,,,,,,,,,,,,,
,,,,,,,,,,,,,,
,,,,,,,,,,,,,,
,,,,,,,,,,,,,,
,,,,,,,,,,,,,,
,,,,,,,,,,,,,,
,,,,,,,,,,,,,,
,,,,,,,,,,,,,,
,,,,,,,,,,,,,,
,,,,,,,,,,,,,,
,,,,,,,,,,,,,,
,,,,,,,,,,,,,,
,,,,,,,,,,,,,,
,,,,,,,,,,,,,,
,,,,,,,,,,,,,,
,,,,,,,,,,,,,,
,,,,,,,,,,,,,,
,,,,,,,,,,,,,,
,,,,,,,,,,,,,,
,,,,,,,,,,,,,,
,,,,,,,,,,,,,,
,,,,,,,,,,,,,,
,,,,,,,,,,,,,,
,,,,,,,,,,,,,,
,,,,,,,,,,,,,,
,,,,,,,,,,,,,,
,,,,,,,,,,,,,,
,,,,,,,,,,,,,,
,,,,,,,,,,,,,,
,,,,,,,,,,,,,,
,,,,,,,,,,,,,,
,,,,,,,,,,,,,,
,,,,,,,,,,,,,,
,,,,,,,,,,,,,,
,,,,,,,,,,,,,,
,,,,,,,,,,,,,,
,,,,,,,,,,,,,,
,,,,,,,,,,,,,,
,,,,,,,,,,,,,,
,,,,,,,,,,,,,,
,,,,,,,,,,,,,,
,,,,,,,,,,,,,,
,,,,,,,,,,,,,,
,,,,,,,,,,,,,,
,,,,,,,,,,,,,,
,,,,,,,,,,,,,,
,,,,,,,,,,,,,,
,,,,,,,,,,,,,,
,,,,,,,,,,,,,,
,,,,,,,,,,,,,,
,,,,,,,,,,,,,,
,,,,,,,,,,,,,,
,,,,,,,,,,,,,,
,,,,,,,,,,,,,,
,,,,,,,,,,,,,,
,,,,,,,,,,,,,,
,,,,,,,,,,,,,,
,,,,,,,,,,,,,,
,,,,,,,,,,,,,,
,,,,,,,,,,,,,,
,,,,,,,,,,,,,,
,,,,,,,,,,,,,,
,,,,,,,,,,,,,,
,,,,,,,,,,,,,,
,,,,,,,,,,,,,,
,,,,,,,,,,,,,,
,,,,,,,,,,,,,,
,,,,,,,,,,,,,,
,,,,,,,,,,,,,,
,,,,,,,,,,,,,,
,,,,,,,,,,,,,,
,,,,,,,,,,,,,,
,,,,,,,,,,,,,,
,,,,,,,,,,,,,,
,,,,,,,,,,,,,,
,,,,,,,,,,,,,,
,,,,,,,,,,,,,,
